{
    "360": "E577",
    "1k_plus": "E95D",
    "19mp": "E95B",
    "18mp": "E95A",
    "17mp": "E959",
    "16mp": "E958",
    "15mp": "E957",
    "14mp": "E956",
    "13mp": "E955",
    "12mp": "E954",
    "11mp": "E953",
    "10mp": "E952",
    "10k": "E951",
    "1k": "E95C",
    "2k_plus": "E964",
    "24mp": "E962",
    "23mp": "E961",
    "22mp": "E960",
    "21mp": "E95F",
    "20mp": "E95E",
    "2mp": "E965",
    "2k": "E963",
    "3d_rotation": "E84D",
    "3k_plus": "E967",
    "3mp": "E968",
    "3k": "E966",
    "4k_plus": "E969",
    "4mp": "E96A",
    "4k": "E072",
    "5mp": "E96D",
    "5k_plus": "E96C",
    "5k": "E96B",
    "5g": "EF38",
    "6mp": "E970",
    "6k_plus": "E96F",
    "6k": "E96E",
    "6_ft_apart": "F21E",
    "7k_plus": "E972",
    "7mp": "E973",
    "7k": "E971",
    "8k_plus": "E975",
    "8mp": "E976",
    "8k": "E974",
    "9k_plus": "E978",
    "9mp": "E979",
    "9k": "E977",
    "av_timer": "E01B",
    "autorenew": "E863",
    "auto_stories": "E666",
    "auto_fix_off": "E665",
    "auto_fix_normal": "E664",
    "auto_fix_high": "E663",
    "auto_delete": "EA4C",
    "auto_awesome_motion": "E661",
    "auto_awesome_mosaic": "E660",
    "auto_awesome": "E65F",
    "audiotrack": "E3A1",
    "attractions": "EA52",
    "attachment": "E2BC",
    "attach_money": "E227",
    "attach_file": "E226",
    "attach_email": "EA5E",
    "atm": "E573",
    "assistant_photo": "E3A0",
    "assistant_navigation": "E989",
    "assistant_direction": "E988",
    "assistant": "E39F",
    "assignment_turned_in": "E862",
    "assignment_returned": "E861",
    "assignment_return": "E860",
    "assignment_late": "E85F",
    "assignment_ind": "E85E",
    "assignment": "E85D",
    "assessment": "E85C",
    "aspect_ratio": "E85B",
    "article": "EF42",
    "art_track": "E060",
    "arrow_upward": "E5D8",
    "arrow_right_alt": "E941",
    "arrow_right": "E5DF",
    "arrow_left": "E5DE",
    "arrow_forward_ios": "E5E1",
    "arrow_forward": "E5C8",
    "arrow_drop_up": "E5C7",
    "arrow_drop_down_circle": "E5C6",
    "arrow_drop_down": "E5C5",
    "arrow_downward": "E5DB",
    "arrow_circle_up": "F182",
    "arrow_circle_down": "F181",
    "arrow_back_ios": "E5E0",
    "arrow_back": "E5C4",
    "archive": "E149",
    "architecture": "EA3B",
    "apps": "E5C3",
    "approval": "E982",
    "app_settings_alt": "EF41",
    "app_registration": "EF40",
    "app_blocking": "EF3F",
    "api": "F1B7",
    "apartment": "EA40",
    "announcement": "E85A",
    "animation": "E71C",
    "android": "E859",
    "anchor": "F1CD",
    "analytics": "EF3E",
    "amp_stories": "EA13",
    "alternate_email": "E0E6",
    "alt_route": "F184",
    "all_out": "E90B",
    "all_inclusive": "EB3D",
    "all_inbox": "E97F",
    "align_vertical_top": "E00C",
    "align_vertical_center": "E011",
    "align_vertical_bottom": "E015",
    "align_horizontal_right": "E010",
    "align_horizontal_left": "E00D",
    "align_horizontal_center": "E00F",
    "album": "E019",
    "alarm_on": "E858",
    "alarm_off": "E857",
    "alarm_add": "E856",
    "alarm": "E855",
    "airport_shuttle": "EB3C",
    "airplay": "E055",
    "airplanemode_on": "E195",
    "airplanemode_off": "E194",
    "airplanemode_inactive": "E194",
    "airplanemode_active": "E195",
    "airline_seat_recline_normal": "E637",
    "airline_seat_recline_extra": "E636",
    "airline_seat_legroom_reduced": "E635",
    "airline_seat_legroom_normal": "E634",
    "airline_seat_legroom_extra": "E633",
    "airline_seat_individual_suite": "E632",
    "airline_seat_flat_angled": "E631",
    "airline_seat_flat": "E630",
    "agriculture": "EA79",
    "admin_panel_settings": "EF3D",
    "adjust": "E39E",
    "addchart": "EF3C",
    "add_to_queue": "E05C",
    "add_to_photos": "E39D",
    "add_to_home_screen": "E1FE",
    "add_to_drive": "E65C",
    "add_task": "F23A",
    "add_shopping_cart": "E854",
    "add_road": "EF3B",
    "add_photo_alternate": "E43E",
    "add_moderator": "E97D",
    "add_location_alt": "EF3A",
    "add_location": "E567",
    "add_link": "E178",
    "add_ic_call": "E97C",
    "add_comment": "E266",
    "add_circle_outline": "E148",
    "add_circle": "E147",
    "add_chart": "E97B",
    "add_call": "E0E8",
    "add_business": "E729",
    "add_box": "E146",
    "add_alert": "E003",
    "add_alarm": "E193",
    "add_a_photo": "E439",
    "add": "E145",
    "adb": "E60E",
    "ad_units": "EF39",
    "account_tree": "E97A",
    "account_circle": "E853",
    "account_box": "E851",
    "account_balance_wallet": "E850",
    "account_balance": "E84F",
    "accessible_forward": "E934",
    "accessible": "E914",
    "accessibility_new": "E92C",
    "accessibility": "E84E",
    "access_time": "E192",
    "access_alarms": "E191",
    "access_alarm": "E190",
    "ac_unit": "EB3B",
    "business_center": "EB3F",
    "business": "E0AF",
    "bus_alert": "E98F",
    "burst_mode": "E43C",
    "build_circle": "EF48",
    "build": "E869",
    "bug_report": "E868",
    "bubble_chart": "E6DD",
    "brush": "E3AE",
    "brunch_dining": "EA73",
    "browser_not_supported": "EF47",
    "broken_image": "E3AD",
    "brightness_medium": "E1AE",
    "brightness_low": "E1AD",
    "brightness_high": "E1AC",
    "brightness_auto": "E1AB",
    "brightness_7": "E3AC",
    "brightness_6": "E3AB",
    "brightness_5": "E3AA",
    "brightness_4": "E3A9",
    "brightness_3": "E3A8",
    "brightness_2": "E3A7",
    "brightness_1": "E3A6",
    "breakfast_dining": "EA54",
    "branding_watermark": "E06B",
    "border_vertical": "E233",
    "border_top": "E232",
    "border_style": "E231",
    "border_right": "E230",
    "border_outer": "E22F",
    "border_left": "E22E",
    "border_inner": "E22D",
    "border_horizontal": "E22C",
    "border_color": "E22B",
    "border_clear": "E22A",
    "border_bottom": "E229",
    "border_all": "E228",
    "bookmarks": "E98B",
    "bookmark_outline": "E867",
    "bookmark_border": "E867",
    "bookmark": "E866",
    "book_online": "F217",
    "book": "E865",
    "bolt": "EA0B",
    "blur_on": "E3A5",
    "blur_off": "E3A4",
    "blur_linear": "E3A3",
    "blur_circular": "E3A2",
    "bluetooth_searching": "E1AA",
    "bluetooth_disabled": "E1A9",
    "bluetooth_connected": "E1A8",
    "bluetooth_audio": "E60F",
    "bluetooth": "E1A7",
    "block_flipped": "EF46",
    "block": "E14B",
    "biotech": "EA3A",
    "bike_scooter": "EF45",
    "bento": "F1F4",
    "beenhere": "E52D",
    "bedtime": "EF44",
    "beach_access": "EB3E",
    "battery_unknown": "E1A6",
    "battery_std": "E1A5",
    "battery_full": "E1A4",
    "battery_charging_full": "E1A3",
    "battery_alert": "E19C",
    "bathtub": "EA41",
    "batch_prediction": "F0F5",
    "bar_chart": "E26B",
    "ballot": "E172",
    "bakery_dining": "EA53",
    "badge": "EA67",
    "backup_table": "EF43",
    "backup": "E864",
    "backspace": "E14A",
    "backpack": "F19C",
    "baby_changing_station": "F19B",
    "crop_square": "E3C6",
    "crop_rotate": "E437",
    "crop_portrait": "E3C5",
    "crop_original": "E3C4",
    "crop_landscape": "E3C3",
    "crop_free": "E3C2",
    "crop_din": "E3C1",
    "crop_7_5": "E3C0",
    "crop_5_4": "E3BF",
    "crop_3_2": "E3BD",
    "crop_16_9": "E3BC",
    "crop": "E3BE",
    "credit_card": "E870",
    "create_new_folder": "E2CC",
    "create": "E150",
    "countertops": "F1F7",
    "corporate_fare": "F1D0",
    "coronavirus": "F221",
    "copyright": "E90C",
    "control_point_duplicate": "E3BB",
    "control_point": "E3BA",
    "control_camera": "E074",
    "content_paste": "E14F",
    "content_cut": "E14E",
    "content_copy": "E14D",
    "contacts": "E0BA",
    "contactless": "EA71",
    "contact_support": "E94C",
    "contact_phone": "E0CF",
    "contact_page": "F22E",
    "contact_mail": "E0D0",
    "construction": "EA3C",
    "connected_tv": "E998",
    "connect_without_contact": "F223",
    "confirmation_number": "E638",
    "confirmation_num": "E638",
    "computer": "E30A",
    "compress": "E94D",
    "compass_calibration": "E57C",
    "compare_arrows": "E915",
    "compare": "E3B9",
    "commute": "E940",
    "comment_bank": "EA4E",
    "comment": "E0B9",
    "colorize": "E3B8",
    "color_lens": "E3B7",
    "collections_bookmark": "E431",
    "collections": "E3B6",
    "code": "E86F",
    "cloud_upload": "E2C3",
    "cloud_queue": "E2C2",
    "cloud_off": "E2C1",
    "cloud_download": "E2C0",
    "cloud_done": "E2BF",
    "cloud_circle": "E2BE",
    "cloud": "E2BD",
    "closed_caption_off": "E996",
    "closed_caption_disabled": "F1DC",
    "closed_caption": "E01C",
    "close_fullscreen": "F1CF",
    "close": "E5CD",
    "clear_all": "E0B8",
    "clear": "E14C",
    "cleaning_services": "F0FF",
    "clean_hands": "F21F",
    "class": "E86E",
    "circle_notifications": "E994",
    "circle": "EF4A",
    "chrome_reader_mode": "E86D",
    "child_friendly": "EB42",
    "child_care": "EB41",
    "chevron_right": "E5CC",
    "chevron_left": "E5CB",
    "checkroom": "F19E",
    "check_circle_outline": "E92D",
    "check_circle": "E86C",
    "check_box_outline_blank": "E835",
    "check_box": "E834",
    "check": "E5CA",
    "chat_bubble_outline": "E0CB",
    "chat_bubble": "E0CA",
    "chat": "E0B7",
    "charging_station": "F19D",
    "change_history": "E86B",
    "center_focus_weak": "E3B5",
    "center_focus_strong": "E3B4",
    "cell_wifi": "E0EC",
    "celebration": "EA65",
    "category": "E574",
    "cast_for_education": "EFEC",
    "cast_connected": "E308",
    "cast": "E307",
    "casino": "EB40",
    "cases": "E992",
    "carpenter": "F1F8",
    "card_travel": "E8F8",
    "card_membership": "E8F7",
    "card_giftcard": "E8F6",
    "car_repair": "EA56",
    "car_rental": "EA55",
    "cancel_schedule_send": "EA39",
    "cancel_presentation": "E0E9",
    "cancel": "E5C9",
    "campaign": "EF49",
    "camera_roll": "E3B3",
    "camera_rear": "E3B2",
    "camera_front": "E3B1",
    "camera_enhance": "E8FC",
    "camera_alt": "E3B0",
    "camera": "E3AF",
    "call_to_action": "E06C",
    "call_split": "E0B6",
    "call_received": "E0B5",
    "call_missed_outgoing": "E0E4",
    "call_missed": "E0B4",
    "call_merge": "E0B3",
    "call_made": "E0B2",
    "call_end": "E0B1",
    "call": "E0B0",
    "calendar_view_day": "E936",
    "calendar_today": "E935",
    "calculate": "EA5F",
    "cake": "E7E9",
    "cached": "E86A",
    "dynamic_form": "F1BF",
    "dynamic_feed": "EA14",
    "dvr": "E1B2",
    "duo": "E9A5",
    "dry_cleaning": "EA58",
    "dry": "F1B3",
    "drive_folder_upload": "E9A3",
    "drive_file_rename_outline": "E9A2",
    "drive_file_move_outline": "E9A1",
    "drive_file_move": "E675",
    "drive_eta": "E613",
    "drag_indicator": "E945",
    "drag_handle": "E25D",
    "drafts": "E151",
    "double_arrow": "EA50",
    "donut_small": "E918",
    "donut_large": "E917",
    "done_outline": "E92F",
    "done_all": "E877",
    "done": "E876",
    "domain_verification": "EF4C",
    "domain_disabled": "E0EF",
    "domain": "E7EE",
    "dock": "E30E",
    "do_not_touch": "F1B0",
    "do_not_step": "F19F",
    "do_not_disturb_on": "E644",
    "do_not_disturb_off": "E643",
    "do_not_disturb_alt": "E611",
    "do_not_disturb": "E612",
    "dns": "E875",
    "dnd_forwardslash": "E611",
    "disc_full": "E610",
    "disabled_by_default": "F230",
    "dirty_lens": "EF4B",
    "directions_walk": "E536",
    "directions_transit": "E535",
    "directions_train": "E534",
    "directions_subway": "E533",
    "directions_run": "E566",
    "directions_railway": "E534",
    "directions_off": "F10F",
    "directions_ferry": "E532",
    "directions_car": "E531",
    "directions_bus": "E530",
    "directions_boat": "E532",
    "directions_bike": "E52F",
    "directions": "E52E",
    "dinner_dining": "EA57",
    "dialpad": "E0BC",
    "dialer_sip": "E0BB",
    "devices_other": "E337",
    "devices": "E1B1",
    "device_unknown": "E339",
    "device_thermostat": "E1FF",
    "device_hub": "E335",
    "developer_mode": "E1B0",
    "developer_board": "E30D",
    "details": "E3C8",
    "desktop_windows": "E30C",
    "desktop_mac": "E30B",
    "desktop_access_disabled": "E99D",
    "design_services": "F10A",
    "description": "E873",
    "departure_board": "E576",
    "delivery_dining": "EA72",
    "delete_sweep": "E16C",
    "delete_outline": "E92E",
    "delete_forever": "E92B",
    "delete": "E872",
    "dehaze": "E3C7",
    "deck": "EA42",
    "date_range": "E916",
    "data_usage": "E1AF",
    "dashboard_customize": "E99B",
    "dashboard": "E871",
    "dangerous": "E99A",
    "extension": "E87B",
    "exposure_zero": "E3CF",
    "exposure_plus_2": "E3CE",
    "exposure_plus_1": "E3CD",
    "exposure_neg_2": "E3CC",
    "exposure_neg_1": "E3CB",
    "exposure_minus_2": "E3CC",
    "exposure_minus_1": "E3CB",
    "exposure": "E3CA",
    "explore_off": "E9A8",
    "explore": "E87A",
    "explicit": "E01E",
    "expand_more": "E5CF",
    "expand_less": "E5CE",
    "expand": "E94F",
    "exit_to_app": "E879",
    "event_seat": "E903",
    "event_note": "E616",
    "event_busy": "E615",
    "event_available": "E614",
    "event": "E878",
    "ev_station": "E56D",
    "euro_symbol": "E926",
    "euro": "EA15",
    "escalator_warning": "F1AC",
    "escalator": "F1A1",
    "error_outline": "E001",
    "error": "E000",
    "equalizer": "E01D",
    "enhanced_encryption": "E63F",
    "enhance_photo_translate": "E8FC",
    "engineering": "EA3D",
    "emoji_transportation": "EA1F",
    "emoji_symbols": "EA1E",
    "emoji_people": "EA1D",
    "emoji_objects": "EA24",
    "emoji_nature": "EA1C",
    "emoji_food_beverage": "EA1B",
    "emoji_flags": "EA1A",
    "emoji_events": "EA23",
    "emoji_emotions": "EA22",
    "email": "E0BE",
    "elevator": "F1A0",
    "electrical_services": "F102",
    "electric_scooter": "EB1F",
    "electric_rickshaw": "EB1E",
    "electric_moped": "EB1D",
    "electric_car": "EB1C",
    "electric_bike": "EB1B",
    "elderly": "F21A",
    "eject": "E8FB",
    "edit_road": "EF4D",
    "edit_off": "E950",
    "edit_location": "E568",
    "edit_attributes": "E578",
    "edit": "E3C9",
    "eco": "EA35",
    "east": "F1DF",
    "functions": "E24A",
    "fullscreen_exit": "E5D1",
    "fullscreen": "E5D0",
    "free_breakfast": "EB44",
    "foundation": "F200",
    "forward_to_inbox": "F187",
    "forward_5": "E058",
    "forward_30": "E057",
    "forward_10": "E056",
    "forward": "E154",
    "forum": "E0BF",
    "format_underlined": "E249",
    "format_underline": "E249",
    "format_textdirection_r_to_l": "E248",
    "format_textdirection_l_to_r": "E247",
    "format_strikethrough": "E246",
    "format_size": "E245",
    "format_shapes": "E25E",
    "format_quote": "E244",
    "format_paint": "E243",
    "format_list_numbered_rtl": "E267",
    "format_list_numbered": "E242",
    "format_list_bulleted": "E241",
    "format_line_spacing": "E240",
    "format_italic": "E23F",
    "format_indent_increase": "E23E",
    "format_indent_decrease": "E23D",
    "format_color_text": "E23C",
    "format_color_reset": "E23B",
    "format_color_fill": "E23A",
    "format_clear": "E239",
    "format_bold": "E238",
    "format_align_right": "E237",
    "format_align_left": "E236",
    "format_align_justify": "E235",
    "format_align_center": "E234",
    "food_bank": "F1F2",
    "font_download": "E167",
    "follow_the_signs": "F222",
    "folder_special": "E617",
    "folder_shared": "E2C9",
    "folder_open": "E2C8",
    "folder": "E2C7",
    "flip_to_front": "E883",
    "flip_to_back": "E882",
    "flip_camera_ios": "EA38",
    "flip_camera_android": "EA37",
    "flip": "E3E8",
    "flight_takeoff": "E905",
    "flight_land": "E904",
    "flight": "E539",
    "flash_on": "E3E7",
    "flash_off": "E3E6",
    "flash_auto": "E3E5",
    "flare": "E3E4",
    "flaky": "EF50",
    "flag": "E153",
    "fitness_center": "EB43",
    "fit_screen": "EA10",
    "first_page": "E5DC",
    "fireplace": "EA43",
    "fire_hydrant": "F1A3",
    "fire_extinguisher": "F1D8",
    "fingerprint": "E90D",
    "find_replace": "E881",
    "find_in_page": "E880",
    "filter_vintage": "E3E3",
    "filter_tilt_shift": "E3E2",
    "filter_none": "E3E0",
    "filter_list_alt": "E94E",
    "filter_list": "E152",
    "filter_hdr": "E3DF",
    "filter_frames": "E3DE",
    "filter_drama": "E3DD",
    "filter_center_focus": "E3DC",
    "filter_b_and_w": "E3DB",
    "filter_alt": "EF4F",
    "filter_9_plus": "E3DA",
    "filter_9": "E3D9",
    "filter_8": "E3D8",
    "filter_7": "E3D7",
    "filter_6": "E3D6",
    "filter_5": "E3D5",
    "filter_4": "E3D4",
    "filter_3": "E3D2",
    "filter_2": "E3D1",
    "filter_1": "E3D0",
    "filter": "E3D3",
    "file_upload": "E2C6",
    "file_present": "EA0E",
    "file_download_done": "E9AA",
    "file_download": "E2C4",
    "file_copy": "E173",
    "fiber_smart_record": "E062",
    "fiber_pin": "E06A",
    "fiber_new": "E05E",
    "fiber_manual_record": "E061",
    "fiber_dvr": "E05D",
    "festival": "EA68",
    "fence": "F1F6",
    "feedback": "E87F",
    "featured_video": "E06E",
    "featured_play_list": "E06D",
    "favorite_outline": "E87E",
    "favorite_border": "E87E",
    "favorite": "E87D",
    "fastfood": "E57A",
    "fast_rewind": "E020",
    "fast_forward": "E01F",
    "family_restroom": "F1A2",
    "fact_check": "F0C5",
    "facebook": "F234",
    "face_retouching_natural": "EF4E",
    "face": "E87C",
    "groups": "F233",
    "group_work": "E886",
    "group_add": "E7F0",
    "group": "E7EF",
    "grid_view": "E9B0",
    "grid_on": "E3EC",
    "grid_off": "E3EB",
    "grass": "F205",
    "graphic_eq": "E1B8",
    "grain": "E3EA",
    "grading": "EA4F",
    "gradient": "E3E9",
    "grade": "E885",
    "gps_off": "E1B5",
    "gps_not_fixed": "E1B4",
    "gps_fixed": "E1B3",
    "golf_course": "EB45",
    "goat": "EBFF",
    "gif": "E908",
    "get_app": "E884",
    "gesture": "E155",
    "gavel": "E90E",
    "games": "E021",
    "gamepad": "E30F",
    "g_translate": "E927",
    "hvac": "F10E",
    "https": "E88D",
    "http": "E902",
    "how_to_vote": "E175",
    "how_to_reg": "E174",
    "house_siding": "F202",
    "house": "EA44",
    "hourglass_top": "EA5B",
    "hourglass_full": "E88C",
    "hourglass_empty": "E88B",
    "hourglass_disabled": "EF53",
    "hourglass_bottom": "EA5C",
    "hotel": "E53A",
    "hot_tub": "EB46",
    "horizontal_split": "E947",
    "horizontal_rule": "F108",
    "horizontal_distribute": "E014",
    "home_work": "EA09",
    "home_repair_service": "F100",
    "home_filled": "E9B2",
    "home": "E88A",
    "history_toggle_off": "F17D",
    "history_edu": "EA3E",
    "history": "E889",
    "highlight_remove": "E888",
    "highlight_off": "E888",
    "highlight_alt": "EF52",
    "highlight": "E25F",
    "high_quality": "E024",
    "help_outline": "E8FD",
    "help_center": "F1C0",
    "help": "E887",
    "height": "EA16",
    "hearing_disabled": "F104",
    "hearing": "E023",
    "healing": "E3F3",
    "headset_off": "E33A",
    "headset_mic": "E311",
    "headset": "E310",
    "hdr_weak": "E3F2",
    "hdr_strong": "E3F1",
    "hdr_on": "E3EE",
    "hdr_off": "E3ED",
    "hdr_enhanced_select": "EF51",
    "hd": "E052",
    "hardware": "EA59",
    "handyman": "F10B",
    "hail": "E9B1",
    "iso": "E3F6",
    "ios_share": "E6B8",
    "invert_colors_on": "E891",
    "invert_colors_off": "E0C4",
    "invert_colors": "E891",
    "inventory": "E179",
    "integration_instructions": "EF54",
    "insights": "F092",
    "insert_photo": "E251",
    "insert_link": "E250",
    "insert_invitation": "E24F",
    "insert_emoticon": "E24E",
    "insert_drive_file": "E24D",
    "insert_comment": "E24C",
    "insert_chart_outlined": "E26A",
    "insert_chart": "E24B",
    "input": "E890",
    "info_outline": "E88F",
    "info": "E88E",
    "indeterminate_check_box": "E909",
    "inbox": "E156",
    "important_devices": "E912",
    "import_export": "E0C3",
    "import_contacts": "E0E0",
    "imagesearch_roller": "E9B4",
    "image_search": "E43F",
    "image_not_supported": "F116",
    "image_aspect_ratio": "E3F5",
    "image": "E3F4",
    "icecream": "EA69",
    "keyboard_arrow_right": "E315",
    "keyboard_arrow_left": "E314",
    "keyboard_arrow_down": "E313",
    "keyboard_backspace": "E317",
    "keyboard_arrow_up": "E316",
    "keyboard_capslock": "E318",
    "keyboard_control": "E5D3",
    "keyboard_return": "E31B",
    "keyboard_voice": "E31D",
    "keyboard_hide": "E31A",
    "keyboard_tab": "E31C",
    "king_bed": "EA45",
    "keyboard": "E312",
    "kitchen": "EB47",
    "lunch_dining": "EA61",
    "luggage": "F235",
    "loyalty": "E89A",
    "low_priority": "E16D",
    "loupe": "E402",
    "loop": "E028",
    "looks_two": "E401",
    "looks_one": "E400",
    "looks_6": "E3FF",
    "looks_5": "E3FE",
    "looks_4": "E3FD",
    "looks_3": "E3FB",
    "looks": "E3FC",
    "logout": "E9BA",
    "login": "EA77",
    "lock_outline": "E899",
    "lock_open": "E898",
    "lock_clock": "EF57",
    "lock": "E897",
    "location_searching": "E1B7",
    "location_pin": "F1DB",
    "location_on": "E0C8",
    "location_off": "E0C7",
    "location_history": "E55A",
    "location_disabled": "E1B6",
    "location_city": "E7F1",
    "local_taxi": "E559",
    "local_shipping": "E558",
    "local_see": "E557",
    "local_restaurant": "E556",
    "local_printshop": "E555",
    "local_print_shop": "E555",
    "local_post_office": "E554",
    "local_police": "EF56",
    "local_play": "E553",
    "local_pizza": "E552",
    "local_phone": "E551",
    "local_pharmacy": "E550",
    "local_parking": "E54F",
    "local_offer": "E54E",
    "local_movies": "E54D",
    "local_mall": "E54C",
    "local_library": "E54B",
    "local_laundry_service": "E54A",
    "local_hotel": "E549",
    "local_hospital": "E548",
    "local_grocery_store": "E547",
    "local_gas_station": "E546",
    "local_florist": "E545",
    "local_fire_department": "EF55",
    "local_drink": "E544",
    "local_dining": "E556",
    "local_convenience_store": "E543",
    "local_car_wash": "E542",
    "local_cafe": "E541",
    "local_bar": "E540",
    "local_attraction": "E53F",
    "local_atm": "E53E",
    "local_airport": "E53D",
    "local_activity": "E53F",
    "live_tv": "E639",
    "live_help": "E0C6",
    "list_alt": "E0EE",
    "list": "E896",
    "liquor": "EA60",
    "linked_camera": "E438",
    "link_off": "E16F",
    "link": "E157",
    "linear_scale": "E260",
    "line_weight": "E91A",
    "line_style": "E919",
    "lightbulb_outline": "E90F",
    "lightbulb": "E0F0",
    "library_music": "E030",
    "library_books": "E02F",
    "library_add_check": "E9B7",
    "library_add": "E02E",
    "lens": "E3FA",
    "legend_toggle": "F11B",
    "leave_bags_at_home": "F21B",
    "leak_remove": "E3F9",
    "leak_add": "E3F8",
    "leaderboard": "F20C",
    "layers_clear": "E53C",
    "layers": "E53B",
    "launch": "E895",
    "last_page": "E5DD",
    "laptop_windows": "E321",
    "laptop_mac": "E320",
    "laptop_chromebook": "E31F",
    "laptop": "E31E",
    "language": "E894",
    "landscape": "E3F7",
    "label_outline": "E893",
    "label_off": "E9B6",
    "label_important_outline": "E948",
    "label_important": "E937",
    "label": "E892",
    "my_location": "E55C",
    "my_library_music": "E030",
    "my_library_books": "E02F",
    "my_library_add": "E02E",
    "music_video": "E063",
    "music_off": "E440",
    "music_note": "E405",
    "museum": "EA36",
    "multitrack_audio": "E1B8",
    "multiple_stop": "F1B9",
    "multiline_chart": "E6DF",
    "mp": "E9C3",
    "movie_filter": "E43A",
    "movie_creation": "E404",
    "movie": "E02C",
    "move_to_inbox": "E168",
    "mouse": "E323",
    "motorcycle": "E91B",
    "motion_photos_paused": "E9C2",
    "motion_photos_pause": "F227",
    "motion_photos_on": "E9C1",
    "motion_photos_off": "E9C0",
    "more_vert": "E5D4",
    "more_time": "EA5D",
    "more_horiz": "E5D3",
    "more": "E619",
    "moped": "EB28",
    "mood_bad": "E7F3",
    "mood": "E7F2",
    "monochrome_photos": "E403",
    "monitor": "EF5B",
    "money_off": "E25C",
    "money": "E57D",
    "monetization_on": "E263",
    "model_training": "F0CF",
    "mode_edit": "E254",
    "mode_comment": "E253",
    "mobile_screen_share": "E0E7",
    "mobile_off": "E201",
    "mobile_friendly": "E200",
    "mms": "E618",
    "missed_video_call": "E073",
    "miscellaneous_services": "F10C",
    "minimize": "E931",
    "military_tech": "EA3F",
    "microwave": "F204",
    "mic_off": "E02B",
    "mic_none": "E02A",
    "mic_external_on": "EF5A",
    "mic_external_off": "EF59",
    "mic": "E029",
    "messenger_outline": "E0CB",
    "messenger": "E0CA",
    "message": "E0C9",
    "merge_type": "E252",
    "menu_open": "E9BD",
    "menu_book": "EA19",
    "menu": "E5D2",
    "memory": "E322",
    "meeting_room": "EB4F",
    "medical_services": "F109",
    "mediation": "EFA7",
    "maximize": "E930",
    "masks": "F218",
    "markunread_mailbox": "E89B",
    "markunread": "E159",
    "mark_email_unread": "F18A",
    "mark_email_read": "F18C",
    "mark_chat_unread": "F189",
    "mark_chat_read": "F18B",
    "mark_as_unread": "E9BC",
    "margin": "E9BB",
    "maps_ugc": "EF58",
    "map": "E55B",
    "mail_outline": "E0E1",
    "mail": "E158",
    "now_widgets": "E1BD",
    "now_wallpaper": "E1BC",
    "notifications_paused": "E7F8",
    "notifications_on": "E7F7",
    "notifications_off": "E7F6",
    "notifications_none": "E7F5",
    "notifications_active": "E7F7",
    "notifications": "E7F4",
    "notification_important": "E004",
    "notes": "E26C",
    "note_add": "E89C",
    "note": "E06F",
    "not_started": "F0D1",
    "not_listed_location": "E575",
    "not_interested": "E033",
    "not_accessible": "F0FE",
    "north_west": "F1E2",
    "north_east": "F1E1",
    "north": "F1E0",
    "no_transfer": "F1D5",
    "no_stroller": "F1AF",
    "no_sim": "E0CC",
    "no_photography": "F1A8",
    "no_meeting_room": "EB4E",
    "no_meals_ouline": "F229",
    "no_meals": "F1D6",
    "no_luggage": "F23B",
    "no_food": "F1A7",
    "no_flash": "F1A6",
    "no_encryption": "E641",
    "no_drinks": "F1A5",
    "no_cell": "F1A4",
    "no_backpack": "F237",
    "nights_stay": "EA46",
    "nightlight_round": "EF5E",
    "nightlife": "EA62",
    "night_shelter": "F1F1",
    "nfc": "E1BB",
    "next_week": "E16A",
    "next_plan": "EF5D",
    "new_releases": "E031",
    "network_wifi": "E1BA",
    "network_locked": "E61A",
    "network_check": "E640",
    "network_cell": "E1B9",
    "near_me_disabled": "F1EF",
    "near_me": "E569",
    "navigation": "E55D",
    "navigate_next": "E409",
    "navigate_before": "E408",
    "nature_people": "E407",
    "nature": "E406",
    "nat": "EF5C",
    "outlined_flag": "E16E",
    "outlet": "F1D4",
    "outgoing_mail": "F0D2",
    "outdoor_grill": "EA47",
    "outbox": "EF5F",
    "outbond": "F228",
    "open_with": "E89F",
    "open_in_new": "E89E",
    "open_in_full": "F1CE",
    "open_in_browser": "E89D",
    "opacity": "E91C",
    "online_prediction": "F0EB",
    "ondemand_video": "E63A",
    "offline_share": "E9C5",
    "offline_pin": "E90A",
    "offline_bolt": "E932",
    "push_pin": "F10D",
    "published_with_changes": "F232",
    "publish": "E255",
    "public_off": "F1CA",
    "public": "E80B",
    "psychology": "EA4A",
    "privacy_tip": "F0DC",
    "priority_high": "E645",
    "print_disabled": "E9CF",
    "print": "E8AD",
    "preview": "F1C5",
    "present_to_all": "E0DF",
    "pregnant_woman": "E91E",
    "power_settings_new": "E8AC",
    "power_off": "E646",
    "power_input": "E336",
    "power": "E63C",
    "post_add": "EA20",
    "portrait": "E416",
    "portable_wifi_off": "E0CE",
    "pool": "EB48",
    "polymer": "E8AB",
    "poll": "E801",
    "policy": "EA17",
    "point_of_sale": "F17E",
    "plus_one": "E800",
    "plumbing": "F107",
    "playlist_play": "E05F",
    "playlist_add_check": "E065",
    "playlist_add": "E03B",
    "play_for_work": "E906",
    "play_disabled": "EF6A",
    "play_circle_outline": "E039",
    "play_circle_filled": "E038",
    "play_circle_fill": "E038",
    "play_arrow": "E037",
    "plagiarism": "EA5A",
    "place": "E55F",
    "pivot_table_chart": "E9CE",
    "pin_drop": "E55E",
    "pie_chart_outlined": "E6C5",
    "pie_chart": "E6C4",
    "picture_in_picture_alt": "E911",
    "picture_in_picture": "E8AA",
    "picture_as_pdf": "E415",
    "photo_size_select_small": "E434",
    "photo_size_select_large": "E433",
    "photo_size_select_actual": "E432",
    "photo_library": "E413",
    "photo_filter": "E43B",
    "photo_camera_front": "EF69",
    "photo_camera_back": "EF68",
    "photo_camera": "E412",
    "photo_album": "E411",
    "photo": "E410",
    "phonelink_setup": "E0DE",
    "phonelink_ring": "E0DD",
    "phonelink_off": "E327",
    "phonelink_lock": "E0DC",
    "phonelink_erase": "E0DB",
    "phonelink": "E326",
    "phone_paused": "E620",
    "phone_missed": "E61F",
    "phone_locked": "E61E",
    "phone_iphone": "E325",
    "phone_in_talk": "E61D",
    "phone_forwarded": "E61C",
    "phone_enabled": "E9CD",
    "phone_disabled": "E9CC",
    "phone_callback": "E649",
    "phone_bluetooth_speaker": "E61B",
    "phone_android": "E324",
    "phone": "E0CD",
    "pets": "E91D",
    "pest_control_rodent": "F0FD",
    "pest_control": "F0FA",
    "personal_video": "E63B",
    "person_search": "F106",
    "person_remove_alt_1": "EF67",
    "person_remove": "EF66",
    "person_pin_circle": "E56A",
    "person_pin": "E55A",
    "person_outline": "E7FF",
    "person_add_disabled": "E9CB",
    "person_add_alt_1": "EF65",
    "person_add_alt": "EA4D",
    "person_add": "E7FE",
    "person": "E7FD",
    "perm_scan_wifi": "E8A9",
    "perm_phone_msg": "E8A8",
    "perm_media": "E8A7",
    "perm_identity": "E8A6",
    "perm_device_information": "E8A5",
    "perm_device_info": "E8A5",
    "perm_data_setting": "E8A4",
    "perm_contact_calendar": "E8A3",
    "perm_contact_cal": "E8A3",
    "perm_camera_mic": "E8A2",
    "people_outline": "E7FC",
    "people_alt": "EA21",
    "people": "E7FB",
    "pending_actions": "F1BB",
    "pending": "EF64",
    "pedal_bike": "EB29",
    "payments": "EF63",
    "payment": "E8A1",
    "pause_presentation": "E0EA",
    "pause_circle_outline": "E036",
    "pause_circle_filled": "E035",
    "pause": "E034",
    "party_mode": "E7FA",
    "park": "EA63",
    "panorama_wide_angle_select": "EF62",
    "panorama_wide_angle": "E40F",
    "panorama_vertical_select": "EF61",
    "panorama_vertical": "E40E",
    "panorama_photosphere_select": "E9CA",
    "panorama_photosphere": "E9C9",
    "panorama_horizontal_select": "EF60",
    "panorama_horizontal": "E40D",
    "panorama_fisheye": "E40C",
    "panorama_fish_eye": "E40C",
    "panorama": "E40B",
    "pan_tool": "E925",
    "palette": "E40A",
    "pageview": "E8A0",
    "pages": "E7F9",
    "padding": "E9C8",
    "quickreply": "EF6C",
    "quick_contacts_mail": "E0D0",
    "quick_contacts_dialer": "E0CF",
    "queue_play_next": "E066",
    "queue_music": "E03D",
    "queue": "E03C",
    "question_answer": "E8AF",
    "query_builder": "E8AE",
    "qr_code_scanner": "F206",
    "qr_code_2": "E00A",
    "qr_code": "EF6B",
    "rv_hookup": "E642",
    "run_circle": "EF6F",
    "rule_folder": "F1C9",
    "rule": "F1C2",
    "rtt": "E9AD",
    "rss_feed": "E0E5",
    "rowing": "E921",
    "router": "E328",
    "rounded_corner": "E920",
    "rotate_right": "E41A",
    "rotate_left": "E419",
    "rotate_90_degrees_ccw": "E418",
    "room_service": "EB49",
    "room_preferences": "F1B8",
    "room": "E8B4",
    "roofing": "F201",
    "ring_volume": "E0D1",
    "rice_bowl": "F1F5",
    "restore_page": "E929",
    "restore_from_trash": "E938",
    "restore": "E8B3",
    "restaurant_menu": "E561",
    "restaurant": "E56C",
    "reset_tv": "E9D9",
    "request_quote": "F1B6",
    "request_page": "F22C",
    "report_problem": "E8B2",
    "report_off": "E170",
    "report": "E160",
    "reply_all": "E15F",
    "reply": "E15E",
    "replay_circle_filled": "E9D8",
    "replay_5": "E05B",
    "replay_30": "E05A",
    "replay_10": "E059",
    "replay": "E042",
    "repeat_one_on": "E9D7",
    "repeat_one": "E041",
    "repeat_on": "E9D6",
    "repeat": "E040",
    "reorder": "E8FE",
    "remove_shopping_cart": "E928",
    "remove_red_eye": "E417",
    "remove_moderator": "E9D4",
    "remove_from_queue": "E067",
    "remove_done": "E9D3",
    "remove_circle_outline": "E15D",
    "remove_circle": "E15C",
    "remove": "E15B",
    "refresh": "E5D5",
    "reduce_capacity": "F21C",
    "redo": "E15A",
    "redeem": "E8B1",
    "record_voice_over": "E91F",
    "recommend": "E9D2",
    "recent_actors": "E03F",
    "receipt_long": "EF6E",
    "receipt": "E8B0",
    "read_more": "EF6D",
    "rate_review": "E560",
    "ramen_dining": "EA64",
    "railway_alert": "E9D1",
    "radio_button_unchecked": "E836",
    "radio_button_on": "E837",
    "radio_button_off": "E836",
    "radio_button_checked": "E837",
    "radio": "E03E",
    "system_update_tv": "E8D7",
    "system_update_alt": "E8D7",
    "system_update": "E62A",
    "sync_problem": "E629",
    "sync_disabled": "E628",
    "sync_alt": "EA18",
    "sync": "E627",
    "switch_video": "E41F",
    "switch_right": "F1D2",
    "switch_left": "F1D1",
    "switch_camera": "E41E",
    "switch_account": "E9ED",
    "swipe": "E9EC",
    "swap_vertical_circle": "E8D6",
    "swap_vert_circle": "E8D6",
    "swap_vert": "E8D5",
    "swap_horizontal_circle": "E933",
    "swap_horiz": "E8D4",
    "swap_calls": "E0D7",
    "surround_sound": "E049",
    "support_agent": "F0E2",
    "support": "EF73",
    "supervisor_account": "E8D3",
    "supervised_user_circle": "E939",
    "superscript": "F112",
    "subway": "E56F",
    "subtitles_off": "EF72",
    "subtitles": "E048",
    "subscriptions": "E064",
    "subscript": "F111",
    "subject": "E8D2",
    "subdirectory_arrow_right": "E5DA",
    "subdirectory_arrow_left": "E5D9",
    "style": "E41D",
    "stroller": "F1AE",
    "strikethrough_s": "E257",
    "streetview": "E56E",
    "stream": "E9E9",
    "straighten": "E41C",
    "storefront": "EA12",
    "store_mall_directory": "E563",
    "store": "E8D1",
    "storage": "E1DB",
    "stop_screen_share": "E0E3",
    "stop_circle": "EF71",
    "stop": "E047",
    "sticky_note_2": "F1FC",
    "stay_primary_portrait": "E0D6",
    "stay_primary_landscape": "E0D5",
    "stay_current_portrait": "E0D4",
    "stay_current_landscape": "E0D3",
    "stars": "E8D0",
    "star_rate": "F0EC",
    "star_outline": "F06F",
    "star_half": "E839",
    "star_border": "E83A",
    "star": "E838",
    "stairs": "F1A9",
    "stacked_line_chart": "F22B",
    "stacked_bar_chart": "E9E6",
    "square_foot": "EA49",
    "sports_volleyball": "EA31",
    "sports_tennis": "EA32",
    "sports_soccer": "EA2F",
    "sports_rugby": "EA2E",
    "sports_motorsports": "EA2D",
    "sports_mma": "EA2C",
    "sports_kabaddi": "EA34",
    "sports_hockey": "EA2B",
    "sports_handball": "EA33",
    "sports_golf": "EA2A",
    "sports_football": "EA29",
    "sports_esports": "EA28",
    "sports_cricket": "EA27",
    "sports_basketball": "EA26",
    "sports_baseball": "EA51",
    "sports_bar": "F1F3",
    "sports": "EA30",
    "spellcheck": "E8CE",
    "speed": "E9E4",
    "speaker_phone": "E0D2",
    "speaker_notes_off": "E92A",
    "speaker_notes": "E8CD",
    "speaker_group": "E32E",
    "speaker": "E32D",
    "space_bar": "E256",
    "spa": "EB4C",
    "south_west": "F1E5",
    "south_east": "F1E4",
    "south": "F1E3",
    "source": "F1C4",
    "sort_by_alpha": "E053",
    "sort": "E164",
    "soap": "F1B2",
    "snooze": "E046",
    "snippet_folder": "F1C7",
    "sms_failed": "E626",
    "sms": "E625",
    "smoking_rooms": "EB4B",
    "smoke_free": "EB4A",
    "smartphone": "E32C",
    "smart_button": "F1C1",
    "slow_motion_video": "E068",
    "slideshow": "E41B",
    "skip_previous": "E045",
    "skip_next": "E044",
    "single_bed": "EA48",
    "sim_card_alert": "E624",
    "sim_card": "E32B",
    "signal_wifi_off": "E1DA",
    "signal_wifi_4_bar_lock": "E1D9",
    "signal_wifi_4_bar": "E1D8",
    "signal_wifi_0_bar": "F0B0",
    "signal_cellular_off": "E1D0",
    "signal_cellular_null": "E1CF",
    "signal_cellular_no_sim": "E1CE",
    "signal_cellular_connected_no_internet_4_bar": "E1CD",
    "signal_cellular_alt": "E202",
    "signal_cellular_4_bar": "E1C8",
    "signal_cellular_0_bar": "F0A8",
    "sick": "F220",
    "shutter_speed": "E43D",
    "shuffle_on": "E9E1",
    "shuffle": "E043",
    "show_chart": "E6E1",
    "short_text": "E261",
    "shopping_cart": "E8CC",
    "shopping_basket": "E8CB",
    "shopping_bag": "F1CC",
    "shop_two": "E8CA",
    "shop": "E8C9",
    "shield": "E9E0",
    "share": "E80D",
    "settings_voice": "E8C8",
    "settings_system_daydream": "E1C3",
    "settings_remote": "E8C7",
    "settings_power": "E8C6",
    "settings_phone": "E8C5",
    "settings_overscan": "E8C4",
    "settings_input_svideo": "E8C3",
    "settings_input_hdmi": "E8C2",
    "settings_input_composite": "E8C1",
    "settings_input_component": "E8C0",
    "settings_input_antenna": "E8BF",
    "settings_ethernet": "E8BE",
    "settings_display": "E8BD",
    "settings_cell": "E8BC",
    "settings_brightness": "E8BD",
    "settings_bluetooth": "E8BB",
    "settings_backup_restore": "E8BA",
    "settings_applications": "E8B9",
    "settings": "E8B8",
    "set_meal": "F1EA",
    "sentiment_very_satisfied": "E815",
    "sentiment_very_dissatisfied": "E814",
    "sentiment_satisfied_alt": "E0ED",
    "sentiment_satisfied": "E813",
    "sentiment_neutral": "E812",
    "sentiment_dissatisfied": "E811",
    "sensor_window": "F1B4",
    "sensor_door": "F1B5",
    "send_to_mobile": "F05C",
    "send_and_archive": "EA0C",
    "send": "E163",
    "self_improvement": "EA78",
    "select_all": "E162",
    "segment": "E94B",
    "security": "E32A",
    "search_off": "EA76",
    "search": "E8B6",
    "sd_storage": "E1C2",
    "sd_card": "E623",
    "sd": "E9DD",
    "screen_share": "E0E2",
    "screen_search_desktop": "EF70",
    "screen_rotation": "E1C1",
    "screen_lock_rotation": "E1C0",
    "screen_lock_portrait": "E1BF",
    "screen_lock_landscape": "E1BE",
    "score": "E269",
    "science": "EA4B",
    "school": "E80C",
    "schedule_send": "EA0A",
    "schedule": "E8B5",
    "scatter_plot": "E268",
    "scanner": "E329",
    "saved_search": "EA11",
    "save_alt": "E171",
    "save": "E161",
    "satellite": "E562",
    "sanitizer": "F21D",
    "two_wheeler": "E9F9",
    "tv_off": "E647",
    "tv": "E333",
    "turned_in_not": "E8E7",
    "turned_in": "E8E6",
    "tune": "E429",
    "tty": "F1AA",
    "trip_origin": "E57B",
    "trending_up": "E8E5",
    "trending_neutral": "E8E4",
    "trending_flat": "E8E4",
    "trending_down": "E8E3",
    "translate": "E8E2",
    "transit_enterexit": "E579",
    "transform": "E428",
    "transfer_within_a_station": "E572",
    "tram": "E571",
    "train": "E570",
    "traffic": "E565",
    "track_changes": "E8E1",
    "toys": "E332",
    "tour": "EF75",
    "touch_app": "E913",
    "topic": "F1C8",
    "tonality": "E427",
    "toll": "E8E0",
    "toggle_on": "E9F6",
    "toggle_off": "E9F5",
    "today": "E8DF",
    "toc": "E8DE",
    "title": "E264",
    "timer_off": "E426",
    "timer_3": "E424",
    "timer_10": "E423",
    "timer": "E425",
    "timeline": "E922",
    "timelapse": "E422",
    "time_to_leave": "E62C",
    "thumbs_up_down": "E8DD",
    "thumb_up_off_alt": "E9F3",
    "thumb_up_alt": "E817",
    "thumb_up": "E8DC",
    "thumb_down_off_alt": "E9F2",
    "thumb_down_alt": "E816",
    "thumb_down": "E8DB",
    "theaters": "E8DA",
    "theater_comedy": "EA66",
    "texture": "E421",
    "textsms": "E0D8",
    "text_snippet": "F1C6",
    "text_rotation_none": "E93F",
    "text_rotation_down": "E93E",
    "text_rotation_angleup": "E93D",
    "text_rotation_angledown": "E93C",
    "text_rotate_vertical": "E93B",
    "text_rotate_up": "E93A",
    "text_format": "E165",
    "text_fields": "E262",
    "terrain": "E564",
    "taxi_alert": "EF74",
    "tapas": "F1E9",
    "tap_and_play": "E62B",
    "takeout_dining": "EA74",
    "tag_faces": "E420",
    "tag": "E9EF",
    "tablet_mac": "E331",
    "tablet_android": "E330",
    "tablet": "E32F",
    "table_view": "F1BE",
    "table_rows": "F101",
    "table_chart": "E265",
    "tab_unselected": "E8D9",
    "tab": "E8D8",
    "usb": "E1E0",
    "upload_file": "E9FC",
    "upgrade": "F0FB",
    "update_disabled": "E075",
    "update": "E923",
    "unsubscribe": "E0EB",
    "unpublished": "F236",
    "unfold_more": "E5D7",
    "unfold_less": "E5D6",
    "undo": "E166",
    "unarchive": "E169",
    "umbrella": "F1AD",
    "vpn_lock": "E62F",
    "vpn_key": "E0DA",
    "volunteer_activism": "EA70",
    "volume_up": "E050",
    "volume_off": "E04F",
    "volume_mute": "E04E",
    "volume_down": "E04D",
    "voicemail": "E0D9",
    "voice_over_off": "E94A",
    "voice_chat": "E62E",
    "visibility_off": "E8F5",
    "visibility": "E8F4",
    "vignette": "E435",
    "view_week": "E8F3",
    "view_stream": "E8F2",
    "view_sidebar": "F114",
    "view_quilt": "E8F1",
    "view_module": "E8F0",
    "view_list": "E8EF",
    "view_in_ar": "E9FE",
    "view_headline": "E8EE",
    "view_day": "E8ED",
    "view_compact": "E42B",
    "view_comfy": "E42A",
    "view_comfortable": "E42A",
    "view_column": "E8EC",
    "view_carousel": "E8EB",
    "view_array": "E8EA",
    "view_agenda": "E8E9",
    "videogame_asset": "E338",
    "videocam_off": "E04C",
    "videocam": "E04B",
    "video_settings": "EA75",
    "video_library": "E04A",
    "video_label": "E071",
    "video_collection": "E04A",
    "video_call": "E070",
    "vibration": "E62D",
    "vertical_split": "E949",
    "vertical_distribute": "E076",
    "vertical_align_top": "E25A",
    "vertical_align_center": "E259",
    "vertical_align_bottom": "E258",
    "verified_user": "E8E8",
    "verified": "EF76",
    "wysiwyg": "F1C3",
    "wrong_location": "EF78",
    "wrap_text": "E25B",
    "workspaces_outline": "EA0F",
    "workspaces_filled": "EA0D",
    "work_outline": "E943",
    "work_off": "E942",
    "work": "E8F9",
    "wine_bar": "F1E8",
    "wifi_tethering": "E1E2",
    "wifi_protected_setup": "F0FC",
    "wifi_off": "E648",
    "wifi_lock": "E1E1",
    "wifi_calling": "EF77",
    "wifi": "E63E",
    "widgets": "E1BD",
    "where_to_vote": "E177",
    "wheelchair_pickup": "F1AB",
    "whatshot": "E80E",
    "west": "F1E6",
    "weekend": "E16B",
    "web_asset": "E069",
    "web": "E051",
    "wc": "E63D",
    "wb_twighlight": "EA02",
    "wb_sunny": "E430",
    "wb_shade": "EA01",
    "wb_iridescent": "E436",
    "wb_incandescent": "E42E",
    "wb_cloudy": "E42D",
    "wb_auto": "E42C",
    "waves": "E176",
    "waterfall_chart": "EA00",
    "water_damage": "F203",
    "watch_later": "E924",
    "watch": "E334",
    "wash": "F1B1",
    "warning": "E002",
    "wallpaper": "E1BC",
    "wallet_travel": "E8F8",
    "wallet_membership": "E8F7",
    "wallet_giftcard": "E8F6",
    "youtube_searched_for": "E8FA",
    "zoom_out_map": "E56B",
    "zoom_out": "E900",
    "zoom_in": "E8FF"
}